{
  "version": "3.4",
  "log": [
    {
      "@openzeppelin/contracts/access/Ownable.sol:Ownable": {
        "src": "@openzeppelin/contracts/access/Ownable.sol:20",
        "inherit": [
          "@openzeppelin/contracts/utils/Context.sol:Context"
        ],
        "libraries": [],
        "methods": [
          "owner()",
          "renounceOwnership()",
          "transferOwnership(address)"
        ],
        "linkReferences": [],
        "errors": [
          {
            "kind": "constructor",
            "contract": "Ownable",
            "src": "@openzeppelin/contracts/access/Ownable.sol:38"
          }
        ],
        "layout": {
          "storage": [
            {
              "label": "_owner",
              "offset": 0,
              "slot": "0",
              "type": "t_address",
              "contract": "Ownable",
              "src": "@openzeppelin/contracts/access/Ownable.sol:21"
            }
          ],
          "types": {
            "t_address": {
              "label": "address",
              "numberOfBytes": "20"
            }
          },
          "layoutVersion": "1.2",
          "flat": true,
          "namespaces": {}
        },
        "solcVersion": "0.8.28"
      },
      "@openzeppelin/contracts/interfaces/draft-IERC6093.sol:IERC1155Errors": {
        "src": "@openzeppelin/contracts/interfaces/draft-IERC6093.sol:113",
        "inherit": [],
        "libraries": [],
        "methods": [],
        "linkReferences": [],
        "errors": [],
        "layout": {
          "storage": [],
          "types": {},
          "layoutVersion": "1.2",
          "flat": false,
          "namespaces": {}
        },
        "solcVersion": "0.8.28"
      },
      "@openzeppelin/contracts/interfaces/draft-IERC6093.sol:IERC20Errors": {
        "src": "@openzeppelin/contracts/interfaces/draft-IERC6093.sol:9",
        "inherit": [],
        "libraries": [],
        "methods": [],
        "linkReferences": [],
        "errors": [],
        "layout": {
          "storage": [],
          "types": {},
          "layoutVersion": "1.2",
          "flat": false,
          "namespaces": {}
        },
        "solcVersion": "0.8.28"
      },
      "@openzeppelin/contracts/interfaces/draft-IERC6093.sol:IERC721Errors": {
        "src": "@openzeppelin/contracts/interfaces/draft-IERC6093.sol:55",
        "inherit": [],
        "libraries": [],
        "methods": [],
        "linkReferences": [],
        "errors": [],
        "layout": {
          "storage": [],
          "types": {},
          "layoutVersion": "1.2",
          "flat": false,
          "namespaces": {}
        },
        "solcVersion": "0.8.28"
      },
      "@openzeppelin/contracts/token/ERC20/ERC20.sol:ERC20": {
        "src": "@openzeppelin/contracts/token/ERC20/ERC20.sol:29",
        "inherit": [
          "@openzeppelin/contracts/interfaces/draft-IERC6093.sol:IERC20Errors",
          "@openzeppelin/contracts/token/ERC20/extensions/IERC20Metadata.sol:IERC20Metadata",
          "@openzeppelin/contracts/token/ERC20/IERC20.sol:IERC20",
          "@openzeppelin/contracts/utils/Context.sol:Context"
        ],
        "libraries": [],
        "methods": [
          "name()",
          "symbol()",
          "decimals()",
          "totalSupply()",
          "balanceOf(address)",
          "transfer(address,uint256)",
          "allowance(address,address)",
          "approve(address,uint256)",
          "transferFrom(address,address,uint256)"
        ],
        "linkReferences": [],
        "errors": [
          {
            "kind": "constructor",
            "contract": "ERC20",
            "src": "@openzeppelin/contracts/token/ERC20/ERC20.sol:45"
          }
        ],
        "layout": {
          "storage": [
            {
              "label": "_balances",
              "offset": 0,
              "slot": "0",
              "type": "t_mapping(t_address,t_uint256)",
              "contract": "ERC20",
              "src": "@openzeppelin/contracts/token/ERC20/ERC20.sol:30"
            },
            {
              "label": "_allowances",
              "offset": 0,
              "slot": "1",
              "type": "t_mapping(t_address,t_mapping(t_address,t_uint256))",
              "contract": "ERC20",
              "src": "@openzeppelin/contracts/token/ERC20/ERC20.sol:32"
            },
            {
              "label": "_totalSupply",
              "offset": 0,
              "slot": "2",
              "type": "t_uint256",
              "contract": "ERC20",
              "src": "@openzeppelin/contracts/token/ERC20/ERC20.sol:34"
            },
            {
              "label": "_name",
              "offset": 0,
              "slot": "3",
              "type": "t_string_storage",
              "contract": "ERC20",
              "src": "@openzeppelin/contracts/token/ERC20/ERC20.sol:36"
            },
            {
              "label": "_symbol",
              "offset": 0,
              "slot": "4",
              "type": "t_string_storage",
              "contract": "ERC20",
              "src": "@openzeppelin/contracts/token/ERC20/ERC20.sol:37"
            }
          ],
          "types": {
            "t_address": {
              "label": "address",
              "numberOfBytes": "20"
            },
            "t_mapping(t_address,t_mapping(t_address,t_uint256))": {
              "label": "mapping(address => mapping(address => uint256))",
              "numberOfBytes": "32"
            },
            "t_mapping(t_address,t_uint256)": {
              "label": "mapping(address => uint256)",
              "numberOfBytes": "32"
            },
            "t_string_storage": {
              "label": "string",
              "numberOfBytes": "32"
            },
            "t_uint256": {
              "label": "uint256",
              "numberOfBytes": "32"
            }
          },
          "layoutVersion": "1.2",
          "flat": true,
          "namespaces": {}
        },
        "solcVersion": "0.8.28"
      },
      "@openzeppelin/contracts/token/ERC20/IERC20.sol:IERC20": {
        "src": "@openzeppelin/contracts/token/ERC20/IERC20.sol:9",
        "inherit": [],
        "libraries": [],
        "methods": [
          "totalSupply()",
          "balanceOf(address)",
          "transfer(address,uint256)",
          "allowance(address,address)",
          "approve(address,uint256)",
          "transferFrom(address,address,uint256)"
        ],
        "linkReferences": [],
        "errors": [],
        "layout": {
          "storage": [],
          "types": {},
          "layoutVersion": "1.2",
          "flat": false,
          "namespaces": {}
        },
        "solcVersion": "0.8.28"
      },
      "@openzeppelin/contracts/token/ERC20/extensions/IERC20Metadata.sol:IERC20Metadata": {
        "src": "@openzeppelin/contracts/token/ERC20/extensions/IERC20Metadata.sol:11",
        "inherit": [
          "@openzeppelin/contracts/token/ERC20/IERC20.sol:IERC20"
        ],
        "libraries": [],
        "methods": [
          "name()",
          "symbol()",
          "decimals()"
        ],
        "linkReferences": [],
        "errors": [],
        "layout": {
          "storage": [],
          "types": {},
          "layoutVersion": "1.2",
          "flat": false,
          "namespaces": {}
        },
        "solcVersion": "0.8.28"
      },
      "@openzeppelin/contracts/utils/Context.sol:Context": {
        "src": "@openzeppelin/contracts/utils/Context.sol:16",
        "inherit": [],
        "libraries": [],
        "methods": [],
        "linkReferences": [],
        "errors": [],
        "layout": {
          "storage": [],
          "types": {},
          "layoutVersion": "1.2",
          "flat": false,
          "namespaces": {}
        },
        "solcVersion": "0.8.28"
      },
      "@openzeppelin/contracts/utils/Panic.sol:Panic": {
        "src": "@openzeppelin/contracts/utils/Panic.sol:26",
        "version": {
          "withMetadata": "951deab7a9ad35787e34864a8d3a75b7f77b1eca031756ae9f69fa381400c6fe",
          "withoutMetadata": "08d24783a787f8a51dea0c166bb6f91a4f0865e02d03d749f102d332e6ead0ff",
          "linkedWithoutMetadata": "08d24783a787f8a51dea0c166bb6f91a4f0865e02d03d749f102d332e6ead0ff"
        },
        "inherit": [],
        "libraries": [],
        "methods": [],
        "linkReferences": [],
        "errors": [],
        "layout": {
          "storage": [],
          "types": {},
          "layoutVersion": "1.2",
          "flat": false,
          "namespaces": {}
        },
        "solcVersion": "0.8.28"
      },
      "@openzeppelin/contracts/utils/math/Math.sol:Math": {
        "src": "@openzeppelin/contracts/utils/math/Math.sol:12",
        "version": {
          "withMetadata": "8aef89d5b838a02de18554241f82c70c107bf964f62c8b0e4e0a1f48b45aa449",
          "withoutMetadata": "08d24783a787f8a51dea0c166bb6f91a4f0865e02d03d749f102d332e6ead0ff",
          "linkedWithoutMetadata": "08d24783a787f8a51dea0c166bb6f91a4f0865e02d03d749f102d332e6ead0ff"
        },
        "inherit": [],
        "libraries": [
          "@openzeppelin/contracts/utils/math/SafeCast.sol:SafeCast",
          "@openzeppelin/contracts/utils/math/Math.sol:Math",
          "@openzeppelin/contracts/utils/Panic.sol:Panic"
        ],
        "methods": [],
        "linkReferences": [],
        "errors": [],
        "layout": {
          "storage": [],
          "types": {},
          "layoutVersion": "1.2",
          "flat": false,
          "namespaces": {}
        },
        "solcVersion": "0.8.28"
      },
      "@openzeppelin/contracts/utils/math/SafeCast.sol:SafeCast": {
        "src": "@openzeppelin/contracts/utils/math/SafeCast.sol:19",
        "version": {
          "withMetadata": "15a62a38c645b5d592ad33de734b3c64d59a86ba120cd870d189410c120898d4",
          "withoutMetadata": "08d24783a787f8a51dea0c166bb6f91a4f0865e02d03d749f102d332e6ead0ff",
          "linkedWithoutMetadata": "08d24783a787f8a51dea0c166bb6f91a4f0865e02d03d749f102d332e6ead0ff"
        },
        "inherit": [],
        "libraries": [],
        "methods": [],
        "linkReferences": [],
        "errors": [],
        "layout": {
          "storage": [],
          "types": {},
          "layoutVersion": "1.2",
          "flat": false,
          "namespaces": {}
        },
        "solcVersion": "0.8.28"
      },
      "contracts/BondingCurve.sol:BondingCurve": {
        "src": "contracts/BondingCurve.sol:9",
        "version": {
          "withMetadata": "e6a6741907f3475fa520005a84c8abad45810ba387a67436c493409af0c6192a",
          "withoutMetadata": "f19903b1355263035df3d913cc3bf51d4191d13fb96e2a5c8a6380843b1e8a19",
          "linkedWithoutMetadata": "f19903b1355263035df3d913cc3bf51d4191d13fb96e2a5c8a6380843b1e8a19"
        },
        "inherit": [],
        "libraries": [
          "@openzeppelin/contracts/utils/math/Math.sol:Math",
          "@openzeppelin/contracts/utils/math/SafeCast.sol:SafeCast"
        ],
        "methods": [
          "getBuyPrice(uint256)",
          "getSellPrice(uint256)",
          "getSpread()"
        ],
        "linkReferences": [],
        "errors": [],
        "layout": {
          "storage": [
            {
              "label": "currentSupply",
              "offset": 0,
              "slot": "0",
              "type": "t_uint256",
              "contract": "BondingCurve",
              "src": "contracts/BondingCurve.sol:26"
            }
          ],
          "types": {
            "t_uint256": {
              "label": "uint256",
              "numberOfBytes": "32"
            }
          },
          "layoutVersion": "1.2",
          "flat": true,
          "namespaces": {}
        },
        "solcVersion": "0.8.28"
      },
      "contracts/GASToken.sol:GASToken": {
        "src": "contracts/GASToken.sol:11",
        "version": {
          "withMetadata": "702cab93681df67b47658bdbcc46435729ddb9145057747b133ee3601934ce2c",
          "withoutMetadata": "aaa7bfb712fd3866e8b63312118068bfd2abb4da039c56f7e9c6e78cae46699e",
          "linkedWithoutMetadata": "aaa7bfb712fd3866e8b63312118068bfd2abb4da039c56f7e9c6e78cae46699e"
        },
        "inherit": [
          "@openzeppelin/contracts/access/Ownable.sol:Ownable",
          "@openzeppelin/contracts/token/ERC20/ERC20.sol:ERC20",
          "@openzeppelin/contracts/interfaces/draft-IERC6093.sol:IERC20Errors",
          "@openzeppelin/contracts/token/ERC20/extensions/IERC20Metadata.sol:IERC20Metadata",
          "@openzeppelin/contracts/token/ERC20/IERC20.sol:IERC20",
          "@openzeppelin/contracts/utils/Context.sol:Context"
        ],
        "libraries": [],
        "methods": [
          "()",
          "setExchange(address)",
          "mint(address,uint256)",
          "burn(uint256)",
          "burnFrom(address,uint256)"
        ],
        "linkReferences": [],
        "errors": [
          {
            "kind": "constructor",
            "contract": "GASToken",
            "src": "contracts/GASToken.sol:14"
          }
        ],
        "layout": {
          "storage": [
            {
              "label": "_balances",
              "offset": 0,
              "slot": "0",
              "type": "t_mapping(t_address,t_uint256)",
              "contract": "ERC20",
              "src": "@openzeppelin/contracts/token/ERC20/ERC20.sol:30"
            },
            {
              "label": "_allowances",
              "offset": 0,
              "slot": "1",
              "type": "t_mapping(t_address,t_mapping(t_address,t_uint256))",
              "contract": "ERC20",
              "src": "@openzeppelin/contracts/token/ERC20/ERC20.sol:32"
            },
            {
              "label": "_totalSupply",
              "offset": 0,
              "slot": "2",
              "type": "t_uint256",
              "contract": "ERC20",
              "src": "@openzeppelin/contracts/token/ERC20/ERC20.sol:34"
            },
            {
              "label": "_name",
              "offset": 0,
              "slot": "3",
              "type": "t_string_storage",
              "contract": "ERC20",
              "src": "@openzeppelin/contracts/token/ERC20/ERC20.sol:36"
            },
            {
              "label": "_symbol",
              "offset": 0,
              "slot": "4",
              "type": "t_string_storage",
              "contract": "ERC20",
              "src": "@openzeppelin/contracts/token/ERC20/ERC20.sol:37"
            },
            {
              "label": "_owner",
              "offset": 0,
              "slot": "5",
              "type": "t_address",
              "contract": "Ownable",
              "src": "@openzeppelin/contracts/access/Ownable.sol:21"
            },
            {
              "label": "exchange",
              "offset": 0,
              "slot": "6",
              "type": "t_address",
              "contract": "GASToken",
              "src": "contracts/GASToken.sol:18"
            }
          ],
          "types": {
            "t_address": {
              "label": "address",
              "numberOfBytes": "20"
            },
            "t_mapping(t_address,t_mapping(t_address,t_uint256))": {
              "label": "mapping(address => mapping(address => uint256))",
              "numberOfBytes": "32"
            },
            "t_mapping(t_address,t_uint256)": {
              "label": "mapping(address => uint256)",
              "numberOfBytes": "32"
            },
            "t_string_storage": {
              "label": "string",
              "numberOfBytes": "32"
            },
            "t_uint256": {
              "label": "uint256",
              "numberOfBytes": "32"
            }
          },
          "layoutVersion": "1.2",
          "flat": true,
          "namespaces": {}
        },
        "solcVersion": "0.8.28"
      },
      "contracts/Rebalancer.sol:Rebalancer": {
        "src": "contracts/Rebalancer.sol:9",
        "version": {
          "withMetadata": "e5afd4ffb586921b4770e67c5e0c7a60b70ff6d2080704c2f7821b992ceec2c5",
          "withoutMetadata": "7d5197763ad1e7ca7b9ed954b117a6ce03944d9a8f0195704e5ab81f91b01f4c",
          "linkedWithoutMetadata": "7d5197763ad1e7ca7b9ed954b117a6ce03944d9a8f0195704e5ab81f91b01f4c"
        },
        "inherit": [
          "@openzeppelin/contracts/access/Ownable.sol:Ownable",
          "@openzeppelin/contracts/utils/Context.sol:Context"
        ],
        "libraries": [],
        "methods": [
          "(address,address,address,uint256,uint256)",
          "checkRTR()",
          "triggerRebalance()",
          "updateTargetRTR(uint256)",
          "updateTolerance(uint256)"
        ],
        "linkReferences": [],
        "errors": [
          {
            "kind": "constructor",
            "contract": "Rebalancer",
            "src": "contracts/Rebalancer.sol:21"
          }
        ],
        "layout": {
          "storage": [
            {
              "label": "_owner",
              "offset": 0,
              "slot": "0",
              "type": "t_address",
              "contract": "Ownable",
              "src": "@openzeppelin/contracts/access/Ownable.sol:21"
            },
            {
              "label": "treasury",
              "offset": 0,
              "slot": "1",
              "type": "t_contract(Treasury)5821",
              "contract": "Rebalancer",
              "src": "contracts/Rebalancer.sol:10"
            },
            {
              "label": "reserve",
              "offset": 0,
              "slot": "2",
              "type": "t_contract(Reserve)5267",
              "contract": "Rebalancer",
              "src": "contracts/Rebalancer.sol:11"
            },
            {
              "label": "exchange",
              "offset": 0,
              "slot": "3",
              "type": "t_contract(TokenExchange)5508",
              "contract": "Rebalancer",
              "src": "contracts/Rebalancer.sol:12"
            },
            {
              "label": "curve",
              "offset": 0,
              "slot": "4",
              "type": "t_contract(BondingCurve)4619",
              "contract": "Rebalancer",
              "src": "contracts/Rebalancer.sol:13"
            },
            {
              "label": "targetRTR",
              "offset": 0,
              "slot": "5",
              "type": "t_uint256",
              "contract": "Rebalancer",
              "src": "contracts/Rebalancer.sol:15"
            },
            {
              "label": "tolerance",
              "offset": 0,
              "slot": "6",
              "type": "t_uint256",
              "contract": "Rebalancer",
              "src": "contracts/Rebalancer.sol:16"
            }
          ],
          "types": {
            "t_address": {
              "label": "address",
              "numberOfBytes": "20"
            },
            "t_contract(BondingCurve)4619": {
              "label": "contract BondingCurve",
              "numberOfBytes": "20"
            },
            "t_contract(Reserve)5267": {
              "label": "contract Reserve",
              "numberOfBytes": "20"
            },
            "t_contract(TokenExchange)5508": {
              "label": "contract TokenExchange",
              "numberOfBytes": "20"
            },
            "t_contract(Treasury)5821": {
              "label": "contract Treasury",
              "numberOfBytes": "20"
            },
            "t_uint256": {
              "label": "uint256",
              "numberOfBytes": "32"
            }
          },
          "layoutVersion": "1.2",
          "flat": true,
          "namespaces": {}
        },
        "solcVersion": "0.8.28"
      },
      "contracts/Reserve.sol:Reserve": {
        "src": "contracts/Reserve.sol:10",
        "version": {
          "withMetadata": "41c6b83e95e8d23109cbd60327c2d9f8ab8bc67db384fa6052c0785115ebb6c8",
          "withoutMetadata": "e1f7197543227c25f4a5ee604133ad70bdb293aa7f5964f4cab19448a97fa072",
          "linkedWithoutMetadata": "e1f7197543227c25f4a5ee604133ad70bdb293aa7f5964f4cab19448a97fa072"
        },
        "inherit": [
          "@openzeppelin/contracts/access/Ownable.sol:Ownable",
          "@openzeppelin/contracts/utils/Context.sol:Context"
        ],
        "libraries": [],
        "methods": [
          "()",
          "setExchange(address)",
          "deposit()",
          "withdraw(address,uint256)",
          "getBalance()"
        ],
        "linkReferences": [],
        "errors": [
          {
            "kind": "constructor",
            "contract": "Reserve",
            "src": "contracts/Reserve.sol:18"
          }
        ],
        "layout": {
          "storage": [
            {
              "label": "_owner",
              "offset": 0,
              "slot": "0",
              "type": "t_address",
              "contract": "Ownable",
              "src": "@openzeppelin/contracts/access/Ownable.sol:21"
            },
            {
              "label": "exchange",
              "offset": 0,
              "slot": "1",
              "type": "t_address",
              "contract": "Reserve",
              "src": "contracts/Reserve.sol:16"
            }
          ],
          "types": {
            "t_address": {
              "label": "address",
              "numberOfBytes": "20"
            }
          },
          "layoutVersion": "1.2",
          "flat": true,
          "namespaces": {}
        },
        "solcVersion": "0.8.28"
      },
      "contracts/TokenExchange.sol:TokenExchange": {
        "src": "contracts/TokenExchange.sol:9",
        "version": {
          "withMetadata": "1713d0abf54b0f1c82992e675cb7738719c7e1721711dea93ddf5cbeae7df229",
          "withoutMetadata": "07420b7c0e23891a501a6aee27f08ce247e470f544b7c1bbec507625d112f310",
          "linkedWithoutMetadata": "07420b7c0e23891a501a6aee27f08ce247e470f544b7c1bbec507625d112f310"
        },
        "inherit": [],
        "libraries": [],
        "methods": [
          "(address,address,address,address)",
          "buy()",
          "sell(uint256)",
          "estimateBuy(uint256)",
          "estimateSell(uint256)",
          "()"
        ],
        "linkReferences": [],
        "errors": [
          {
            "kind": "constructor",
            "contract": "TokenExchange",
            "src": "contracts/TokenExchange.sol:20"
          }
        ],
        "layout": {
          "storage": [
            {
              "label": "bondingCurve",
              "offset": 0,
              "slot": "0",
              "type": "t_contract(BondingCurve)4619",
              "contract": "TokenExchange",
              "src": "contracts/TokenExchange.sol:11"
            },
            {
              "label": "gasToken",
              "offset": 0,
              "slot": "1",
              "type": "t_contract(GASToken)4763",
              "contract": "TokenExchange",
              "src": "contracts/TokenExchange.sol:12"
            },
            {
              "label": "reserve",
              "offset": 0,
              "slot": "2",
              "type": "t_contract(Reserve)5267",
              "contract": "TokenExchange",
              "src": "contracts/TokenExchange.sol:13"
            },
            {
              "label": "treasury",
              "offset": 0,
              "slot": "3",
              "type": "t_contract(Treasury)5821",
              "contract": "TokenExchange",
              "src": "contracts/TokenExchange.sol:14"
            }
          ],
          "types": {
            "t_contract(BondingCurve)4619": {
              "label": "contract BondingCurve",
              "numberOfBytes": "20"
            },
            "t_contract(GASToken)4763": {
              "label": "contract GASToken",
              "numberOfBytes": "20"
            },
            "t_contract(Reserve)5267": {
              "label": "contract Reserve",
              "numberOfBytes": "20"
            },
            "t_contract(Treasury)5821": {
              "label": "contract Treasury",
              "numberOfBytes": "20"
            }
          },
          "layoutVersion": "1.2",
          "flat": true,
          "namespaces": {}
        },
        "solcVersion": "0.8.28"
      },
      "contracts/Treasury.sol:Treasury": {
        "src": "contracts/Treasury.sol:9",
        "version": {
          "withMetadata": "9509292c70e2151c8e2d758db431f86b8fbd61871c418b537af5923aa84871c2",
          "withoutMetadata": "7ab671769ab960f1c043ce39578016600c339f03df079bd0b50b909664c268b3",
          "linkedWithoutMetadata": "7ab671769ab960f1c043ce39578016600c339f03df079bd0b50b909664c268b3"
        },
        "inherit": [
          "@openzeppelin/contracts/access/Ownable.sol:Ownable",
          "@openzeppelin/contracts/utils/Context.sol:Context"
        ],
        "libraries": [],
        "methods": [
          "setRebalancer(address)",
          "(address,address,address,uint256)",
          "deposit()",
          "withdraw(address,uint256)",
          "rebalance()",
          "getBalance()",
          "updateReserveRatio(uint256)"
        ],
        "linkReferences": [],
        "errors": [
          {
            "kind": "constructor",
            "contract": "Treasury",
            "src": "contracts/Treasury.sol:46"
          }
        ],
        "layout": {
          "storage": [
            {
              "label": "_owner",
              "offset": 0,
              "slot": "0",
              "type": "t_address",
              "contract": "Ownable",
              "src": "@openzeppelin/contracts/access/Ownable.sol:21"
            },
            {
              "label": "reserve",
              "offset": 0,
              "slot": "1",
              "type": "t_contract(Reserve)5267",
              "contract": "Treasury",
              "src": "contracts/Treasury.sol:10"
            },
            {
              "label": "gastToken",
              "offset": 0,
              "slot": "2",
              "type": "t_contract(GASToken)4763",
              "contract": "Treasury",
              "src": "contracts/Treasury.sol:11"
            },
            {
              "label": "exchange",
              "offset": 0,
              "slot": "3",
              "type": "t_contract(TokenExchange)5508",
              "contract": "Treasury",
              "src": "contracts/Treasury.sol:12"
            },
            {
              "label": "reserveRatio",
              "offset": 0,
              "slot": "4",
              "type": "t_uint256",
              "contract": "Treasury",
              "src": "contracts/Treasury.sol:14"
            },
            {
              "label": "treasuryETHBalance",
              "offset": 0,
              "slot": "5",
              "type": "t_uint256",
              "contract": "Treasury",
              "src": "contracts/Treasury.sol:15"
            },
            {
              "label": "reserveETHBalance",
              "offset": 0,
              "slot": "6",
              "type": "t_uint256",
              "contract": "Treasury",
              "src": "contracts/Treasury.sol:16"
            },
            {
              "label": "rebalancer",
              "offset": 0,
              "slot": "7",
              "type": "t_address",
              "contract": "Treasury",
              "src": "contracts/Treasury.sol:18"
            }
          ],
          "types": {
            "t_address": {
              "label": "address",
              "numberOfBytes": "20"
            },
            "t_contract(GASToken)4763": {
              "label": "contract GASToken",
              "numberOfBytes": "20"
            },
            "t_contract(Reserve)5267": {
              "label": "contract Reserve",
              "numberOfBytes": "20"
            },
            "t_contract(TokenExchange)5508": {
              "label": "contract TokenExchange",
              "numberOfBytes": "20"
            },
            "t_uint256": {
              "label": "uint256",
              "numberOfBytes": "32"
            }
          },
          "layoutVersion": "1.2",
          "flat": true,
          "namespaces": {}
        },
        "solcVersion": "0.8.28"
      }
    },
    {
      "@openzeppelin/contracts/access/Ownable.sol:Ownable": {
        "src": "@openzeppelin/contracts/access/Ownable.sol:20",
        "inherit": [
          "@openzeppelin/contracts/utils/Context.sol:Context"
        ],
        "libraries": [],
        "methods": [
          "owner()",
          "renounceOwnership()",
          "transferOwnership(address)"
        ],
        "linkReferences": [],
        "errors": [
          {
            "kind": "constructor",
            "contract": "Ownable",
            "src": "@openzeppelin/contracts/access/Ownable.sol:38"
          }
        ],
        "layout": {
          "storage": [
            {
              "label": "_owner",
              "offset": 0,
              "slot": "0",
              "type": "t_address",
              "contract": "Ownable",
              "src": "@openzeppelin/contracts/access/Ownable.sol:21"
            }
          ],
          "types": {
            "t_address": {
              "label": "address",
              "numberOfBytes": "20"
            }
          },
          "layoutVersion": "1.2",
          "flat": true,
          "namespaces": {}
        },
        "solcVersion": "0.8.28"
      },
      "@openzeppelin/contracts/interfaces/draft-IERC6093.sol:IERC1155Errors": {
        "src": "@openzeppelin/contracts/interfaces/draft-IERC6093.sol:113",
        "inherit": [],
        "libraries": [],
        "methods": [],
        "linkReferences": [],
        "errors": [],
        "layout": {
          "storage": [],
          "types": {},
          "layoutVersion": "1.2",
          "flat": false,
          "namespaces": {}
        },
        "solcVersion": "0.8.28"
      },
      "@openzeppelin/contracts/interfaces/draft-IERC6093.sol:IERC20Errors": {
        "src": "@openzeppelin/contracts/interfaces/draft-IERC6093.sol:9",
        "inherit": [],
        "libraries": [],
        "methods": [],
        "linkReferences": [],
        "errors": [],
        "layout": {
          "storage": [],
          "types": {},
          "layoutVersion": "1.2",
          "flat": false,
          "namespaces": {}
        },
        "solcVersion": "0.8.28"
      },
      "@openzeppelin/contracts/interfaces/draft-IERC6093.sol:IERC721Errors": {
        "src": "@openzeppelin/contracts/interfaces/draft-IERC6093.sol:55",
        "inherit": [],
        "libraries": [],
        "methods": [],
        "linkReferences": [],
        "errors": [],
        "layout": {
          "storage": [],
          "types": {},
          "layoutVersion": "1.2",
          "flat": false,
          "namespaces": {}
        },
        "solcVersion": "0.8.28"
      },
      "@openzeppelin/contracts/token/ERC20/ERC20.sol:ERC20": {
        "src": "@openzeppelin/contracts/token/ERC20/ERC20.sol:29",
        "inherit": [
          "@openzeppelin/contracts/interfaces/draft-IERC6093.sol:IERC20Errors",
          "@openzeppelin/contracts/token/ERC20/extensions/IERC20Metadata.sol:IERC20Metadata",
          "@openzeppelin/contracts/token/ERC20/IERC20.sol:IERC20",
          "@openzeppelin/contracts/utils/Context.sol:Context"
        ],
        "libraries": [],
        "methods": [
          "name()",
          "symbol()",
          "decimals()",
          "totalSupply()",
          "balanceOf(address)",
          "transfer(address,uint256)",
          "allowance(address,address)",
          "approve(address,uint256)",
          "transferFrom(address,address,uint256)"
        ],
        "linkReferences": [],
        "errors": [
          {
            "kind": "constructor",
            "contract": "ERC20",
            "src": "@openzeppelin/contracts/token/ERC20/ERC20.sol:45"
          }
        ],
        "layout": {
          "storage": [
            {
              "label": "_balances",
              "offset": 0,
              "slot": "0",
              "type": "t_mapping(t_address,t_uint256)",
              "contract": "ERC20",
              "src": "@openzeppelin/contracts/token/ERC20/ERC20.sol:30"
            },
            {
              "label": "_allowances",
              "offset": 0,
              "slot": "1",
              "type": "t_mapping(t_address,t_mapping(t_address,t_uint256))",
              "contract": "ERC20",
              "src": "@openzeppelin/contracts/token/ERC20/ERC20.sol:32"
            },
            {
              "label": "_totalSupply",
              "offset": 0,
              "slot": "2",
              "type": "t_uint256",
              "contract": "ERC20",
              "src": "@openzeppelin/contracts/token/ERC20/ERC20.sol:34"
            },
            {
              "label": "_name",
              "offset": 0,
              "slot": "3",
              "type": "t_string_storage",
              "contract": "ERC20",
              "src": "@openzeppelin/contracts/token/ERC20/ERC20.sol:36"
            },
            {
              "label": "_symbol",
              "offset": 0,
              "slot": "4",
              "type": "t_string_storage",
              "contract": "ERC20",
              "src": "@openzeppelin/contracts/token/ERC20/ERC20.sol:37"
            }
          ],
          "types": {
            "t_address": {
              "label": "address",
              "numberOfBytes": "20"
            },
            "t_mapping(t_address,t_mapping(t_address,t_uint256))": {
              "label": "mapping(address => mapping(address => uint256))",
              "numberOfBytes": "32"
            },
            "t_mapping(t_address,t_uint256)": {
              "label": "mapping(address => uint256)",
              "numberOfBytes": "32"
            },
            "t_string_storage": {
              "label": "string",
              "numberOfBytes": "32"
            },
            "t_uint256": {
              "label": "uint256",
              "numberOfBytes": "32"
            }
          },
          "layoutVersion": "1.2",
          "flat": true,
          "namespaces": {}
        },
        "solcVersion": "0.8.28"
      },
      "@openzeppelin/contracts/token/ERC20/IERC20.sol:IERC20": {
        "src": "@openzeppelin/contracts/token/ERC20/IERC20.sol:9",
        "inherit": [],
        "libraries": [],
        "methods": [
          "totalSupply()",
          "balanceOf(address)",
          "transfer(address,uint256)",
          "allowance(address,address)",
          "approve(address,uint256)",
          "transferFrom(address,address,uint256)"
        ],
        "linkReferences": [],
        "errors": [],
        "layout": {
          "storage": [],
          "types": {},
          "layoutVersion": "1.2",
          "flat": false,
          "namespaces": {}
        },
        "solcVersion": "0.8.28"
      },
      "@openzeppelin/contracts/token/ERC20/extensions/IERC20Metadata.sol:IERC20Metadata": {
        "src": "@openzeppelin/contracts/token/ERC20/extensions/IERC20Metadata.sol:11",
        "inherit": [
          "@openzeppelin/contracts/token/ERC20/IERC20.sol:IERC20"
        ],
        "libraries": [],
        "methods": [
          "name()",
          "symbol()",
          "decimals()"
        ],
        "linkReferences": [],
        "errors": [],
        "layout": {
          "storage": [],
          "types": {},
          "layoutVersion": "1.2",
          "flat": false,
          "namespaces": {}
        },
        "solcVersion": "0.8.28"
      },
      "@openzeppelin/contracts/utils/Context.sol:Context": {
        "src": "@openzeppelin/contracts/utils/Context.sol:16",
        "inherit": [],
        "libraries": [],
        "methods": [],
        "linkReferences": [],
        "errors": [],
        "layout": {
          "storage": [],
          "types": {},
          "layoutVersion": "1.2",
          "flat": false,
          "namespaces": {}
        },
        "solcVersion": "0.8.28"
      },
      "@openzeppelin/contracts/utils/Panic.sol:Panic": {
        "src": "@openzeppelin/contracts/utils/Panic.sol:26",
        "version": {
          "withMetadata": "951deab7a9ad35787e34864a8d3a75b7f77b1eca031756ae9f69fa381400c6fe",
          "withoutMetadata": "08d24783a787f8a51dea0c166bb6f91a4f0865e02d03d749f102d332e6ead0ff",
          "linkedWithoutMetadata": "08d24783a787f8a51dea0c166bb6f91a4f0865e02d03d749f102d332e6ead0ff"
        },
        "inherit": [],
        "libraries": [],
        "methods": [],
        "linkReferences": [],
        "errors": [],
        "layout": {
          "storage": [],
          "types": {},
          "layoutVersion": "1.2",
          "flat": false,
          "namespaces": {}
        },
        "solcVersion": "0.8.28"
      },
      "@openzeppelin/contracts/utils/math/Math.sol:Math": {
        "src": "@openzeppelin/contracts/utils/math/Math.sol:12",
        "version": {
          "withMetadata": "8aef89d5b838a02de18554241f82c70c107bf964f62c8b0e4e0a1f48b45aa449",
          "withoutMetadata": "08d24783a787f8a51dea0c166bb6f91a4f0865e02d03d749f102d332e6ead0ff",
          "linkedWithoutMetadata": "08d24783a787f8a51dea0c166bb6f91a4f0865e02d03d749f102d332e6ead0ff"
        },
        "inherit": [],
        "libraries": [
          "@openzeppelin/contracts/utils/math/SafeCast.sol:SafeCast",
          "@openzeppelin/contracts/utils/math/Math.sol:Math",
          "@openzeppelin/contracts/utils/Panic.sol:Panic"
        ],
        "methods": [],
        "linkReferences": [],
        "errors": [],
        "layout": {
          "storage": [],
          "types": {},
          "layoutVersion": "1.2",
          "flat": false,
          "namespaces": {}
        },
        "solcVersion": "0.8.28"
      },
      "@openzeppelin/contracts/utils/math/SafeCast.sol:SafeCast": {
        "src": "@openzeppelin/contracts/utils/math/SafeCast.sol:19",
        "version": {
          "withMetadata": "15a62a38c645b5d592ad33de734b3c64d59a86ba120cd870d189410c120898d4",
          "withoutMetadata": "08d24783a787f8a51dea0c166bb6f91a4f0865e02d03d749f102d332e6ead0ff",
          "linkedWithoutMetadata": "08d24783a787f8a51dea0c166bb6f91a4f0865e02d03d749f102d332e6ead0ff"
        },
        "inherit": [],
        "libraries": [],
        "methods": [],
        "linkReferences": [],
        "errors": [],
        "layout": {
          "storage": [],
          "types": {},
          "layoutVersion": "1.2",
          "flat": false,
          "namespaces": {}
        },
        "solcVersion": "0.8.28"
      },
      "contracts/BondingCurve.sol:BondingCurve": {
        "src": "contracts/BondingCurve.sol:9",
        "version": {
          "withMetadata": "d991ef25554f0ea3a6c0064e161499fd6bfefc2d575e4b63495a01d89579d926",
          "withoutMetadata": "f19903b1355263035df3d913cc3bf51d4191d13fb96e2a5c8a6380843b1e8a19",
          "linkedWithoutMetadata": "f19903b1355263035df3d913cc3bf51d4191d13fb96e2a5c8a6380843b1e8a19"
        },
        "inherit": [],
        "libraries": [
          "@openzeppelin/contracts/utils/math/Math.sol:Math",
          "@openzeppelin/contracts/utils/math/SafeCast.sol:SafeCast"
        ],
        "methods": [
          "getBuyPrice(uint256)",
          "getSellPrice(uint256)",
          "getSpread()"
        ],
        "linkReferences": [],
        "errors": [],
        "layout": {
          "storage": [
            {
              "label": "currentSupply",
              "offset": 0,
              "slot": "0",
              "type": "t_uint256",
              "contract": "BondingCurve",
              "src": "contracts/BondingCurve.sol:26"
            }
          ],
          "types": {
            "t_uint256": {
              "label": "uint256",
              "numberOfBytes": "32"
            }
          },
          "layoutVersion": "1.2",
          "flat": true,
          "namespaces": {}
        },
        "solcVersion": "0.8.28"
      },
      "contracts/GASToken.sol:GASToken": {
        "src": "contracts/GASToken.sol:11",
        "version": {
          "withMetadata": "702cab93681df67b47658bdbcc46435729ddb9145057747b133ee3601934ce2c",
          "withoutMetadata": "aaa7bfb712fd3866e8b63312118068bfd2abb4da039c56f7e9c6e78cae46699e",
          "linkedWithoutMetadata": "aaa7bfb712fd3866e8b63312118068bfd2abb4da039c56f7e9c6e78cae46699e"
        },
        "inherit": [
          "@openzeppelin/contracts/access/Ownable.sol:Ownable",
          "@openzeppelin/contracts/token/ERC20/ERC20.sol:ERC20",
          "@openzeppelin/contracts/interfaces/draft-IERC6093.sol:IERC20Errors",
          "@openzeppelin/contracts/token/ERC20/extensions/IERC20Metadata.sol:IERC20Metadata",
          "@openzeppelin/contracts/token/ERC20/IERC20.sol:IERC20",
          "@openzeppelin/contracts/utils/Context.sol:Context"
        ],
        "libraries": [],
        "methods": [
          "()",
          "setExchange(address)",
          "mint(address,uint256)",
          "burn(uint256)",
          "burnFrom(address,uint256)"
        ],
        "linkReferences": [],
        "errors": [
          {
            "kind": "constructor",
            "contract": "GASToken",
            "src": "contracts/GASToken.sol:14"
          }
        ],
        "layout": {
          "storage": [
            {
              "label": "_balances",
              "offset": 0,
              "slot": "0",
              "type": "t_mapping(t_address,t_uint256)",
              "contract": "ERC20",
              "src": "@openzeppelin/contracts/token/ERC20/ERC20.sol:30"
            },
            {
              "label": "_allowances",
              "offset": 0,
              "slot": "1",
              "type": "t_mapping(t_address,t_mapping(t_address,t_uint256))",
              "contract": "ERC20",
              "src": "@openzeppelin/contracts/token/ERC20/ERC20.sol:32"
            },
            {
              "label": "_totalSupply",
              "offset": 0,
              "slot": "2",
              "type": "t_uint256",
              "contract": "ERC20",
              "src": "@openzeppelin/contracts/token/ERC20/ERC20.sol:34"
            },
            {
              "label": "_name",
              "offset": 0,
              "slot": "3",
              "type": "t_string_storage",
              "contract": "ERC20",
              "src": "@openzeppelin/contracts/token/ERC20/ERC20.sol:36"
            },
            {
              "label": "_symbol",
              "offset": 0,
              "slot": "4",
              "type": "t_string_storage",
              "contract": "ERC20",
              "src": "@openzeppelin/contracts/token/ERC20/ERC20.sol:37"
            },
            {
              "label": "_owner",
              "offset": 0,
              "slot": "5",
              "type": "t_address",
              "contract": "Ownable",
              "src": "@openzeppelin/contracts/access/Ownable.sol:21"
            },
            {
              "label": "exchange",
              "offset": 0,
              "slot": "6",
              "type": "t_address",
              "contract": "GASToken",
              "src": "contracts/GASToken.sol:18"
            }
          ],
          "types": {
            "t_address": {
              "label": "address",
              "numberOfBytes": "20"
            },
            "t_mapping(t_address,t_mapping(t_address,t_uint256))": {
              "label": "mapping(address => mapping(address => uint256))",
              "numberOfBytes": "32"
            },
            "t_mapping(t_address,t_uint256)": {
              "label": "mapping(address => uint256)",
              "numberOfBytes": "32"
            },
            "t_string_storage": {
              "label": "string",
              "numberOfBytes": "32"
            },
            "t_uint256": {
              "label": "uint256",
              "numberOfBytes": "32"
            }
          },
          "layoutVersion": "1.2",
          "flat": true,
          "namespaces": {}
        },
        "solcVersion": "0.8.28"
      },
      "contracts/Rebalancer.sol:Rebalancer": {
        "src": "contracts/Rebalancer.sol:9",
        "version": {
          "withMetadata": "843ef7dbca184df1c8ab0928dae3cc33fd83d2b8a4a6ea23b53afd13f3f1e562",
          "withoutMetadata": "72074351d264c160ab78127bec827192b1ac13b485a24c4da67d667d33b769c6",
          "linkedWithoutMetadata": "72074351d264c160ab78127bec827192b1ac13b485a24c4da67d667d33b769c6"
        },
        "inherit": [
          "@openzeppelin/contracts/access/Ownable.sol:Ownable",
          "@openzeppelin/contracts/utils/Context.sol:Context"
        ],
        "libraries": [],
        "methods": [
          "(address,address,address,uint256,uint256)",
          "checkRTR()",
          "triggerRebalance()",
          "updateTargetRTR(uint256)",
          "updateTolerance(uint256)"
        ],
        "linkReferences": [],
        "errors": [
          {
            "kind": "constructor",
            "contract": "Rebalancer",
            "src": "contracts/Rebalancer.sol:21"
          }
        ],
        "layout": {
          "storage": [
            {
              "label": "_owner",
              "offset": 0,
              "slot": "0",
              "type": "t_address",
              "contract": "Ownable",
              "src": "@openzeppelin/contracts/access/Ownable.sol:21"
            },
            {
              "label": "treasury",
              "offset": 0,
              "slot": "1",
              "type": "t_contract(Treasury)5829",
              "contract": "Rebalancer",
              "src": "contracts/Rebalancer.sol:10"
            },
            {
              "label": "reserve",
              "offset": 0,
              "slot": "2",
              "type": "t_contract(Reserve)5272",
              "contract": "Rebalancer",
              "src": "contracts/Rebalancer.sol:11"
            },
            {
              "label": "exchange",
              "offset": 0,
              "slot": "3",
              "type": "t_contract(TokenExchange)5516",
              "contract": "Rebalancer",
              "src": "contracts/Rebalancer.sol:12"
            },
            {
              "label": "curve",
              "offset": 0,
              "slot": "4",
              "type": "t_contract(BondingCurve)4619",
              "contract": "Rebalancer",
              "src": "contracts/Rebalancer.sol:13"
            },
            {
              "label": "targetRTR",
              "offset": 0,
              "slot": "5",
              "type": "t_uint256",
              "contract": "Rebalancer",
              "src": "contracts/Rebalancer.sol:15"
            },
            {
              "label": "tolerance",
              "offset": 0,
              "slot": "6",
              "type": "t_uint256",
              "contract": "Rebalancer",
              "src": "contracts/Rebalancer.sol:16"
            }
          ],
          "types": {
            "t_address": {
              "label": "address",
              "numberOfBytes": "20"
            },
            "t_contract(BondingCurve)4619": {
              "label": "contract BondingCurve",
              "numberOfBytes": "20"
            },
            "t_contract(Reserve)5272": {
              "label": "contract Reserve",
              "numberOfBytes": "20"
            },
            "t_contract(TokenExchange)5516": {
              "label": "contract TokenExchange",
              "numberOfBytes": "20"
            },
            "t_contract(Treasury)5829": {
              "label": "contract Treasury",
              "numberOfBytes": "20"
            },
            "t_uint256": {
              "label": "uint256",
              "numberOfBytes": "32"
            }
          },
          "layoutVersion": "1.2",
          "flat": true,
          "namespaces": {}
        },
        "solcVersion": "0.8.28"
      },
      "contracts/Reserve.sol:Reserve": {
        "src": "contracts/Reserve.sol:10",
        "version": {
          "withMetadata": "8f867c66a5b2dc6f73a8a7533a0e31c699bc76b1de871350b42fa8d6ed0ffd92",
          "withoutMetadata": "6a69394effb6691db973751e0d8b3373c1c87f29cf20b394883f5fd016916ea6",
          "linkedWithoutMetadata": "6a69394effb6691db973751e0d8b3373c1c87f29cf20b394883f5fd016916ea6"
        },
        "inherit": [
          "@openzeppelin/contracts/access/Ownable.sol:Ownable",
          "@openzeppelin/contracts/utils/Context.sol:Context"
        ],
        "libraries": [],
        "methods": [
          "()",
          "setExchange(address)",
          "()",
          "deposit()",
          "withdraw(address,uint256)",
          "getBalance()"
        ],
        "linkReferences": [],
        "errors": [
          {
            "kind": "constructor",
            "contract": "Reserve",
            "src": "contracts/Reserve.sol:18"
          }
        ],
        "layout": {
          "storage": [
            {
              "label": "_owner",
              "offset": 0,
              "slot": "0",
              "type": "t_address",
              "contract": "Ownable",
              "src": "@openzeppelin/contracts/access/Ownable.sol:21"
            },
            {
              "label": "exchange",
              "offset": 0,
              "slot": "1",
              "type": "t_address",
              "contract": "Reserve",
              "src": "contracts/Reserve.sol:16"
            }
          ],
          "types": {
            "t_address": {
              "label": "address",
              "numberOfBytes": "20"
            }
          },
          "layoutVersion": "1.2",
          "flat": true,
          "namespaces": {}
        },
        "solcVersion": "0.8.28"
      },
      "contracts/TokenExchange.sol:TokenExchange": {
        "src": "contracts/TokenExchange.sol:9",
        "version": {
          "withMetadata": "008f282826420dda950699c4a9baebd157e0caff8abe8517c5686e6092b1740d",
          "withoutMetadata": "985c19b02227502e0fc08760944e3b22c95bbf2d55a2d0a76fbd4258983380ca",
          "linkedWithoutMetadata": "985c19b02227502e0fc08760944e3b22c95bbf2d55a2d0a76fbd4258983380ca"
        },
        "inherit": [],
        "libraries": [],
        "methods": [
          "(address,address,address,address)",
          "buy()",
          "sell(uint256)",
          "estimateBuy(uint256)",
          "estimateSell(uint256)",
          "()"
        ],
        "linkReferences": [],
        "errors": [
          {
            "kind": "constructor",
            "contract": "TokenExchange",
            "src": "contracts/TokenExchange.sol:20"
          }
        ],
        "layout": {
          "storage": [
            {
              "label": "bondingCurve",
              "offset": 0,
              "slot": "0",
              "type": "t_contract(BondingCurve)4619",
              "contract": "TokenExchange",
              "src": "contracts/TokenExchange.sol:11"
            },
            {
              "label": "gasToken",
              "offset": 0,
              "slot": "1",
              "type": "t_contract(GASToken)4763",
              "contract": "TokenExchange",
              "src": "contracts/TokenExchange.sol:12"
            },
            {
              "label": "reserve",
              "offset": 0,
              "slot": "2",
              "type": "t_contract(Reserve)5272",
              "contract": "TokenExchange",
              "src": "contracts/TokenExchange.sol:13"
            },
            {
              "label": "treasury",
              "offset": 0,
              "slot": "3",
              "type": "t_contract(Treasury)5829",
              "contract": "TokenExchange",
              "src": "contracts/TokenExchange.sol:14"
            }
          ],
          "types": {
            "t_contract(BondingCurve)4619": {
              "label": "contract BondingCurve",
              "numberOfBytes": "20"
            },
            "t_contract(GASToken)4763": {
              "label": "contract GASToken",
              "numberOfBytes": "20"
            },
            "t_contract(Reserve)5272": {
              "label": "contract Reserve",
              "numberOfBytes": "20"
            },
            "t_contract(Treasury)5829": {
              "label": "contract Treasury",
              "numberOfBytes": "20"
            }
          },
          "layoutVersion": "1.2",
          "flat": true,
          "namespaces": {}
        },
        "solcVersion": "0.8.28"
      },
      "contracts/Treasury.sol:Treasury": {
        "src": "contracts/Treasury.sol:9",
        "version": {
          "withMetadata": "f5a15dc2a90b8ad9cb824c836e22006eced0575dc69012ee7bbcc41667c6f29b",
          "withoutMetadata": "fa170a7e204560d34251380a636bd27ab0ad353b596956e42f7c44539dc0e81f",
          "linkedWithoutMetadata": "fa170a7e204560d34251380a636bd27ab0ad353b596956e42f7c44539dc0e81f"
        },
        "inherit": [
          "@openzeppelin/contracts/access/Ownable.sol:Ownable",
          "@openzeppelin/contracts/utils/Context.sol:Context"
        ],
        "libraries": [],
        "methods": [
          "setRebalancer(address)",
          "(address,address,address,uint256)",
          "deposit()",
          "withdraw(address,uint256)",
          "rebalance()",
          "getBalance()",
          "updateReserveRatio(uint256)"
        ],
        "linkReferences": [],
        "errors": [
          {
            "kind": "constructor",
            "contract": "Treasury",
            "src": "contracts/Treasury.sol:46"
          }
        ],
        "layout": {
          "storage": [
            {
              "label": "_owner",
              "offset": 0,
              "slot": "0",
              "type": "t_address",
              "contract": "Ownable",
              "src": "@openzeppelin/contracts/access/Ownable.sol:21"
            },
            {
              "label": "reserve",
              "offset": 0,
              "slot": "1",
              "type": "t_contract(Reserve)5272",
              "contract": "Treasury",
              "src": "contracts/Treasury.sol:10"
            },
            {
              "label": "gastToken",
              "offset": 0,
              "slot": "2",
              "type": "t_contract(GASToken)4763",
              "contract": "Treasury",
              "src": "contracts/Treasury.sol:11"
            },
            {
              "label": "exchange",
              "offset": 0,
              "slot": "3",
              "type": "t_contract(TokenExchange)5516",
              "contract": "Treasury",
              "src": "contracts/Treasury.sol:12"
            },
            {
              "label": "reserveRatio",
              "offset": 0,
              "slot": "4",
              "type": "t_uint256",
              "contract": "Treasury",
              "src": "contracts/Treasury.sol:14"
            },
            {
              "label": "treasuryETHBalance",
              "offset": 0,
              "slot": "5",
              "type": "t_uint256",
              "contract": "Treasury",
              "src": "contracts/Treasury.sol:15"
            },
            {
              "label": "reserveETHBalance",
              "offset": 0,
              "slot": "6",
              "type": "t_uint256",
              "contract": "Treasury",
              "src": "contracts/Treasury.sol:16"
            },
            {
              "label": "rebalancer",
              "offset": 0,
              "slot": "7",
              "type": "t_address",
              "contract": "Treasury",
              "src": "contracts/Treasury.sol:18"
            }
          ],
          "types": {
            "t_address": {
              "label": "address",
              "numberOfBytes": "20"
            },
            "t_contract(GASToken)4763": {
              "label": "contract GASToken",
              "numberOfBytes": "20"
            },
            "t_contract(Reserve)5272": {
              "label": "contract Reserve",
              "numberOfBytes": "20"
            },
            "t_contract(TokenExchange)5516": {
              "label": "contract TokenExchange",
              "numberOfBytes": "20"
            },
            "t_uint256": {
              "label": "uint256",
              "numberOfBytes": "32"
            }
          },
          "layoutVersion": "1.2",
          "flat": true,
          "namespaces": {}
        },
        "solcVersion": "0.8.28"
      },
      "contracts/_BondingCurveEx.sol:BondingCurveEX": {
        "src": "contracts/_BondingCurveEx.sol:8",
        "version": {
          "withMetadata": "250dbc5ff59121e04996fae3a81309c97e46b1a3f7190a6b8c240ec774b8ae53",
          "withoutMetadata": "cbb2a1390c0cf918eb5208b78553c1e92afb7830a31eccfb61a355af6a01dc4f",
          "linkedWithoutMetadata": "cbb2a1390c0cf918eb5208b78553c1e92afb7830a31eccfb61a355af6a01dc4f"
        },
        "inherit": [
          "@openzeppelin/contracts/access/Ownable.sol:Ownable",
          "@openzeppelin/contracts/token/ERC20/ERC20.sol:ERC20",
          "@openzeppelin/contracts/interfaces/draft-IERC6093.sol:IERC20Errors",
          "@openzeppelin/contracts/token/ERC20/extensions/IERC20Metadata.sol:IERC20Metadata",
          "@openzeppelin/contracts/token/ERC20/IERC20.sol:IERC20",
          "@openzeppelin/contracts/utils/Context.sol:Context"
        ],
        "libraries": [
          "hardhat/console.sol:console"
        ],
        "methods": [
          "()",
          "buyTokens()",
          "sellTokens(uint256)",
          "getReserve()",
          "withdrawETH(uint256)"
        ],
        "linkReferences": [],
        "errors": [
          {
            "kind": "constructor",
            "contract": "BondingCurveEX",
            "src": "contracts/_BondingCurveEx.sol:13"
          },
          {
            "kind": "state-variable-assignment",
            "name": "tokenPrice",
            "src": "contracts/_BondingCurveEx.sol:10"
          }
        ],
        "layout": {
          "storage": [
            {
              "label": "_balances",
              "offset": 0,
              "slot": "0",
              "type": "t_mapping(t_address,t_uint256)",
              "contract": "ERC20",
              "src": "@openzeppelin/contracts/token/ERC20/ERC20.sol:30"
            },
            {
              "label": "_allowances",
              "offset": 0,
              "slot": "1",
              "type": "t_mapping(t_address,t_mapping(t_address,t_uint256))",
              "contract": "ERC20",
              "src": "@openzeppelin/contracts/token/ERC20/ERC20.sol:32"
            },
            {
              "label": "_totalSupply",
              "offset": 0,
              "slot": "2",
              "type": "t_uint256",
              "contract": "ERC20",
              "src": "@openzeppelin/contracts/token/ERC20/ERC20.sol:34"
            },
            {
              "label": "_name",
              "offset": 0,
              "slot": "3",
              "type": "t_string_storage",
              "contract": "ERC20",
              "src": "@openzeppelin/contracts/token/ERC20/ERC20.sol:36"
            },
            {
              "label": "_symbol",
              "offset": 0,
              "slot": "4",
              "type": "t_string_storage",
              "contract": "ERC20",
              "src": "@openzeppelin/contracts/token/ERC20/ERC20.sol:37"
            },
            {
              "label": "_owner",
              "offset": 0,
              "slot": "5",
              "type": "t_address",
              "contract": "Ownable",
              "src": "@openzeppelin/contracts/access/Ownable.sol:21"
            },
            {
              "label": "reserve",
              "offset": 0,
              "slot": "6",
              "type": "t_uint256",
              "contract": "BondingCurveEX",
              "src": "contracts/_BondingCurveEx.sol:9"
            },
            {
              "label": "tokenPrice",
              "offset": 0,
              "slot": "7",
              "type": "t_uint256",
              "contract": "BondingCurveEX",
              "src": "contracts/_BondingCurveEx.sol:10"
            }
          ],
          "types": {
            "t_address": {
              "label": "address",
              "numberOfBytes": "20"
            },
            "t_mapping(t_address,t_mapping(t_address,t_uint256))": {
              "label": "mapping(address => mapping(address => uint256))",
              "numberOfBytes": "32"
            },
            "t_mapping(t_address,t_uint256)": {
              "label": "mapping(address => uint256)",
              "numberOfBytes": "32"
            },
            "t_string_storage": {
              "label": "string",
              "numberOfBytes": "32"
            },
            "t_uint256": {
              "label": "uint256",
              "numberOfBytes": "32"
            }
          },
          "layoutVersion": "1.2",
          "flat": true,
          "namespaces": {}
        },
        "solcVersion": "0.8.28"
      },
      "hardhat/console.sol:console": {
        "src": "hardhat/console.sol:4",
        "version": {
          "withMetadata": "5c176c0f9d3afc4e1725575049d4704f2cbd50bc40ff90511c6e68e86278f525",
          "withoutMetadata": "08d24783a787f8a51dea0c166bb6f91a4f0865e02d03d749f102d332e6ead0ff",
          "linkedWithoutMetadata": "08d24783a787f8a51dea0c166bb6f91a4f0865e02d03d749f102d332e6ead0ff"
        },
        "inherit": [],
        "libraries": [],
        "methods": [],
        "linkReferences": [],
        "errors": [],
        "layout": {
          "storage": [],
          "types": {},
          "layoutVersion": "1.2",
          "flat": false,
          "namespaces": {}
        },
        "solcVersion": "0.8.28"
      }
    }
  ]
}